SITE_NM,COMPANY,CNT,USER_CNT,CNT_P_USER,USER_RATIO
YouTube,bodyfriend,12507458,19438,643.454,1
Google,bodyfriend,4282071,19437,220.3051,0.999949
YouTube Music,bodyfriend,1381679,19433,71.09962,0.999743
다음,bodyfriend,3769335,19430,193.9956,0.999588
네이버,bodyfriend,8948231,19426,460.6317,0.999383
카카오,bodyfriend,3034489,19426,156.2076,0.999383
Facebook,bodyfriend,5557418,19365,286.9826,0.996244
카카오톡,bodyfriend,1997630,19332,103.3328,0.994547
네이버 통합검색,bodyfriend,1531874,19060,80.37114,0.980554
네이버 쇼핑,bodyfriend,973606,18989,51.2721,0.976901
쿠팡,bodyfriend,5788500,18963,305.2523,0.975563
네이버 지도,bodyfriend,1142804,18784,60.83922,0.966355
네이버 블로그,bodyfriend,1043234,18551,56.236,0.954368
TikTok,bodyfriend,1834283,18459,99.37066,0.949635
토스,bodyfriend,2792495,18382,151.9146,0.945673
당근마켓,bodyfriend,1146473,17133,66.91607,0.881418
Instagram,bodyfriend,2873107,16836,170.6526,0.866138
Unity,bodyfriend,1442870,15964,90.38274,0.821278
애드파이,bodyfriend,1462729,15053,97.17193,0.774411
Samsung,bodyfriend,951638,14985,63.50604,0.770913
TikTok Lite,bodyfriend,2691623,13845,194.4112,0.712265
배달의민족,bodyfriend,1444296,12265,117.7575,0.630981
Netflix,bodyfriend,906948,11469,79.07821,0.59003
Apple,bodyfriend,3048714,9283,328.419,0.47757
iTunes-Apple,bodyfriend,2046024,7711,265.3383,0.396697
iCloud,bodyfriend,997257,7363,135.4417,0.378794
삼성 헬스,bodyfriend,365932,7170,51.03654,0.368865
무신사,bodyfriend,324033,5966,54.31328,0.306925
Google,ceragem,2090252,8976,232.8712,1
YouTube,ceragem,5341801,8975,595.1867,0.999889
다음,ceragem,1863012,8972,207.6473,0.999554
네이버,ceragem,4319215,8970,481.5178,0.999332
YouTube Music,ceragem,629217,8970,70.14682,0.999332
카카오,ceragem,1487014,8969,165.7948,0.99922
Facebook,ceragem,2122061,8954,236.9959,0.997549
카카오톡,ceragem,924144,8927,103.5223,0.994541
Taboola,ceragem,460240,8819,52.18732,0.982509
쿠팡,ceragem,3110035,8814,352.8517,0.981952
네이버 통합검색,ceragem,738857,8806,83.90382,0.981061
네이버 쇼핑,ceragem,538656,8795,61.24571,0.979835
네이버 지도,ceragem,505627,8697,58.13809,0.968917
네이버 블로그,ceragem,508742,8610,59.08734,0.959225
TikTok,ceragem,695181,8546,81.34578,0.952094
쿠팡이츠,ceragem,429211,8318,51.60026,0.926693
토스,ceragem,1278424,8225,155.4315,0.916332
당근마켓,ceragem,612770,8204,74.69161,0.913993
애드파이,ceragem,866636,8108,106.8865,0.903298
Instagram,ceragem,1061765,7735,137.2676,0.861742
Samsung,ceragem,510038,7422,68.71975,0.826872
Unity,ceragem,817882,7333,111.5344,0.816956
TikTok Lite,ceragem,1136709,6277,181.0911,0.699309
배달의민족,ceragem,624994,5505,113.5321,0.613302
Netflix,ceragem,391553,5138,76.20728,0.572415
삼성 헬스,ceragem,203695,3904,52.17597,0.434938
Apple,ceragem,983511,3749,262.3396,0.417669
캐시워크,ceragem,229426,3542,64.77301,0.394608
iTunes-Apple,ceragem,632693,2725,232.1809,0.303587
iCloud,ceragem,316573,2616,121.0141,0.291444
업비트,ceragem,188262,1971,95.51598,0.219586
Google,coway,2189980,8291,264.1394,1
YouTube,coway,4163714,8291,502.1968,1
카카오,coway,1395796,8285,168.4727,0.999276
YouTube Music,coway,535043,8281,64.61092,0.998794
네이버,coway,3510619,8271,424.4492,0.997588
다음,coway,1706216,8270,206.3139,0.997467
Facebook,coway,1764306,8231,214.3489,0.992763
카카오톡,coway,848779,8226,103.1825,0.99216
네이버 통합검색,coway,660804,8157,81.01067,0.983838
쿠팡,coway,3015439,8151,369.9471,0.983114
네이버 쇼핑,coway,408845,8083,50.58085,0.974913
네이버 지도,coway,419866,8065,52.06026,0.972742
Samsung,coway,636215,7964,79.88636,0.96056
TikTok,coway,749201,7856,95.36673,0.947533
쿠팡이츠,coway,399045,7641,52.22419,0.921602
토스,coway,1269787,7608,166.9016,0.917622
당근마켓,coway,565661,7568,74.74379,0.912797
Instagram,coway,922587,7216,127.853,0.870341
Unity,coway,711442,7079,100.5004,0.853817
애드파이,coway,890263,6400,139.1036,0.771921
TikTok Lite,coway,1387409,5903,235.0346,0.711977
Netflix,coway,426972,5896,72.41723,0.711133
배달의민족,coway,623131,5769,108.0137,0.695815
밴드,coway,285076,5629,50.64416,0.678929
삼성 헬스,coway,272515,5056,53.89933,0.609818
AliExpress,coway,270231,4993,54.12197,0.602219
캐시워크,coway,189373,3420,55.37222,0.412495
Apple,coway,233658,2447,95.48754,0.295139
업비트,coway,161101,1810,89.00608,0.218309
Facebook,cozyma,357027,1567,227.8411,1
YouTube Music,cozyma,114059,1567,72.78813,1
카카오,cozyma,260333,1567,166.1347,1
YouTube,cozyma,944602,1567,602.8092,1
네이버,cozyma,730891,1567,466.4269,1
Google,cozyma,388237,1567,247.7581,1
다음,cozyma,328265,1566,209.6201,0.999362
카카오톡,cozyma,162068,1560,103.8897,0.995533
네이버 쇼핑,cozyma,91880,1553,59.16291,0.991066
쿠팡,cozyma,537318,1550,346.6568,0.989151
네이버 지도,cozyma,88614,1543,57.42968,0.984684
네이버 통합검색,cozyma,127398,1543,82.56513,0.984684
네이버 블로그,cozyma,90418,1520,59.48553,0.970006
TikTok,cozyma,112458,1498,75.0721,0.955967
토스,cozyma,196755,1441,136.5406,0.919592
당근마켓,cozyma,116482,1437,81.05915,0.917039
Instagram,cozyma,175934,1380,127.4884,0.880664
Samsung,cozyma,97033,1350,71.8763,0.861519
애드파이,cozyma,134719,1285,104.8397,0.820038
Unity,cozyma,120405,1283,93.84645,0.818762
TikTok Lite,cozyma,181669,1079,168.3679,0.688577
배달의민족,cozyma,119086,1017,117.0954,0.649011
Netflix,cozyma,71446,965,74.03731,0.615826
삼성 헬스,cozyma,37974,738,51.45528,0.470964
Apple,cozyma,135058,563,239.8899,0.359285
iTunes-Apple,cozyma,87782,416,211.0144,0.265475
iCloud,cozyma,42483,391,108.6522,0.249521
업비트,cozyma,31506,321,98.14953,0.20485
네이버,ebrams,153797,316,486.6994,1
YouTube Music,ebrams,24069,316,76.16772,1
다음,ebrams,75834,316,239.981,1
카카오,ebrams,58238,316,184.2975,1
YouTube,ebrams,187578,316,593.6013,1
Google,ebrams,91969,316,291.0411,1
Facebook,ebrams,83384,316,263.8734,1
카카오톡,ebrams,32232,315,102.3238,0.996835
네이버 통합검색,ebrams,27111,315,86.06667,0.996835
네이버 쇼핑,ebrams,21644,315,68.71111,0.996835
쿠팡,ebrams,154699,314,492.672,0.993671
Taboola,ebrams,30627,311,98.4791,0.984177
Coupang Partners,ebrams,16315,310,52.62903,0.981013
Criteo,ebrams,32811,309,106.1845,0.977848
TikTok,ebrams,38739,307,126.1857,0.971519
네이버 블로그,ebrams,15782,305,51.74426,0.96519
네이버 지도,ebrams,19140,303,63.16832,0.958861
쿠팡이츠,ebrams,31456,302,104.1589,0.955696
Samsung,ebrams,25201,301,83.72425,0.952532
토스,ebrams,70186,297,236.3165,0.939873
Instagram,ebrams,39101,293,133.4505,0.927215
애드파이,ebrams,95183,293,324.8567,0.927215
당근마켓,ebrams,20565,292,70.42808,0.924051
Buzzvil,ebrams,19898,286,69.57343,0.905063
ONE store,ebrams,14419,280,51.49643,0.886076
Unity,ebrams,63106,278,227,0.879747
Vungle,ebrams,15596,274,56.91971,0.867089
AppLovin,ebrams,18172,266,68.31579,0.841772
AliExpress,ebrams,22742,262,86.80153,0.829114
TikTok Lite,ebrams,64121,255,251.4549,0.806962
G마켓,ebrams,14878,254,58.5748,0.803797
네이버 톡톡,ebrams,11459,227,50.48018,0.718354
11번가,ebrams,16288,225,72.39111,0.712025
배달의민족,ebrams,26712,200,133.56,0.632911
캐시워크,ebrams,20276,196,103.449,0.620253
삼성 헬스,ebrams,9794,184,53.22826,0.582278
Avatye,ebrams,10858,177,61.34463,0.560127
Netflix,ebrams,13096,170,77.03529,0.537975
토스증권,ebrams,10866,159,68.33962,0.503165
카카오 뱅크,ebrams,8846,148,59.77027,0.468354
신한은행,ebrams,8221,135,60.8963,0.427215
삼성카드,ebrams,11816,132,89.51515,0.417722
카카오페이증권,ebrams,5304,100,53.04,0.316456
Apple,ebrams,10704,96,111.5,0.303797
Syrup,ebrams,7734,85,90.98824,0.268987
하나멤버스,ebrams,5256,84,62.57143,0.265823
AD(X),ebrams,4133,82,50.40244,0.259494
OK캐쉬백,ebrams,8952,76,117.7895,0.240506
업비트,ebrams,6156,64,96.1875,0.202532
