base_company,AGE,SEX,other_company,overlap_users,total_users,overlap_ratio_percent
carrier,20,FEMALE,cuckoo,47,468,10.0
carrier,20,FEMALE,himart,25,468,5.3
carrier,20,FEMALE,lge,22,468,4.7
carrier,20,FEMALE,haier,3,468,0.6
carrier,20,FEMALE,modevi,1,468,0.2
carrier,20,MALE,himart,77,677,11.4
carrier,20,MALE,cuckoo,52,677,7.7
carrier,20,MALE,lge,34,677,5.0
carrier,20,MALE,xaomi,10,677,1.5
carrier,20,MALE,modevi,6,677,0.9
carrier,20,MALE,haier,1,677,0.1
carrier,20,MALE,cooing,1,677,0.1
carrier,30,FEMALE,cuckoo,122,903,13.5
carrier,30,FEMALE,himart,83,903,9.2
carrier,30,FEMALE,lge,53,903,5.9
carrier,30,FEMALE,xaomi,10,903,1.1
carrier,30,FEMALE,haier,5,903,0.6
carrier,30,FEMALE,cooing,2,903,0.2
carrier,30,FEMALE,samsunge,2,903,0.2
carrier,30,FEMALE,modevi,1,903,0.1
carrier,30,MALE,himart,188,1575,11.9
carrier,30,MALE,cuckoo,183,1575,11.6
carrier,30,MALE,lge,87,1575,5.5
carrier,30,MALE,xaomi,37,1575,2.3
carrier,30,MALE,modevi,7,1575,0.4
carrier,30,MALE,haier,7,1575,0.4
carrier,30,MALE,samsunge,5,1575,0.3
carrier,30,MALE,cooing,3,1575,0.2
carrier,40,FEMALE,cuckoo,99,655,15.1
carrier,40,FEMALE,lge,58,655,8.9
carrier,40,FEMALE,himart,55,655,8.4
carrier,40,FEMALE,xaomi,4,655,0.6
carrier,40,FEMALE,modevi,1,655,0.2
carrier,40,FEMALE,cooing,1,655,0.2
carrier,40,FEMALE,haier,1,655,0.2
carrier,40,MALE,himart,208,1227,17.0
carrier,40,MALE,cuckoo,171,1227,13.9
carrier,40,MALE,lge,107,1227,8.7
carrier,40,MALE,xaomi,55,1227,4.5
carrier,40,MALE,haier,7,1227,0.6
carrier,40,MALE,modevi,4,1227,0.3
carrier,40,MALE,cooing,2,1227,0.2
carrier,40,MALE,samsunge,2,1227,0.2
carrier,50,FEMALE,cuckoo,81,564,14.4
carrier,50,FEMALE,himart,61,564,10.8
carrier,50,FEMALE,lge,59,564,10.5
carrier,50,FEMALE,xaomi,2,564,0.4
carrier,50,MALE,himart,135,845,16.0
carrier,50,MALE,cuckoo,127,845,15.0
carrier,50,MALE,lge,109,845,12.9
carrier,50,MALE,xaomi,19,845,2.2
carrier,50,MALE,haier,2,845,0.2
carrier,50,MALE,cooing,1,845,0.1
carrier,50,MALE,modevi,1,845,0.1
carrier,60,FEMALE,cuckoo,43,212,20.3
carrier,60,FEMALE,lge,32,212,15.1
carrier,60,FEMALE,himart,13,212,6.1
carrier,60,FEMALE,xaomi,3,212,1.4
carrier,60,MALE,himart,38,315,12.1
carrier,60,MALE,cuckoo,32,315,10.2
carrier,60,MALE,lge,28,315,8.9
carrier,60,MALE,xaomi,4,315,1.3
carrier,70,FEMALE,cuckoo,17,52,32.7
carrier,70,FEMALE,lge,11,52,21.2
carrier,70,FEMALE,himart,10,52,19.2
carrier,70,FEMALE,cooing,1,52,1.9
carrier,70,FEMALE,xaomi,1,52,1.9
carrier,70,FEMALE,modevi,1,52,1.9
carrier,70,MALE,lge,8,79,10.1
carrier,70,MALE,himart,8,79,10.1
carrier,70,MALE,cuckoo,5,79,6.3
cooing,20,FEMALE,cuckoo,6,51,11.8
cooing,20,FEMALE,himart,3,51,5.9
cooing,20,MALE,himart,7,45,15.6
cooing,20,MALE,lge,6,45,13.3
cooing,20,MALE,cuckoo,4,45,8.9
cooing,20,MALE,carrier,1,45,2.2
cooing,20,MALE,modevi,1,45,2.2
cooing,30,FEMALE,cuckoo,10,86,11.6
cooing,30,FEMALE,himart,4,86,4.7
cooing,30,FEMALE,lge,4,86,4.7
cooing,30,FEMALE,carrier,2,86,2.3
cooing,30,MALE,cuckoo,11,108,10.2
cooing,30,MALE,himart,10,108,9.3
cooing,30,MALE,lge,9,108,8.3
cooing,30,MALE,haier,5,108,4.6
cooing,30,MALE,carrier,3,108,2.8
cooing,30,MALE,xaomi,2,108,1.9
cooing,40,FEMALE,cuckoo,10,64,15.6
cooing,40,FEMALE,himart,5,64,7.8
cooing,40,FEMALE,lge,3,64,4.7
cooing,40,FEMALE,haier,1,64,1.6
cooing,40,FEMALE,carrier,1,64,1.6
cooing,40,MALE,himart,19,96,19.8
cooing,40,MALE,cuckoo,17,96,17.7
cooing,40,MALE,lge,2,96,2.1
cooing,40,MALE,carrier,2,96,2.1
cooing,40,MALE,haier,2,96,2.1
cooing,40,MALE,xaomi,2,96,2.1
cooing,50,FEMALE,cuckoo,10,57,17.5
cooing,50,FEMALE,himart,7,57,12.3
cooing,50,FEMALE,lge,2,57,3.5
cooing,50,MALE,cuckoo,15,57,26.3
cooing,50,MALE,himart,10,57,17.5
cooing,50,MALE,lge,7,57,12.3
cooing,50,MALE,xaomi,1,57,1.8
cooing,50,MALE,carrier,1,57,1.8
cooing,60,FEMALE,cuckoo,4,22,18.2
cooing,60,FEMALE,himart,1,22,4.5
cooing,60,MALE,cuckoo,1,27,3.7
cooing,60,MALE,lge,1,27,3.7
cooing,70,FEMALE,lge,2,6,33.3
cooing,70,FEMALE,cuckoo,2,6,33.3
cooing,70,FEMALE,carrier,1,6,16.7
cooing,70,FEMALE,himart,1,6,16.7
cooing,70,MALE,cuckoo,1,6,16.7
cuckoo,20,FEMALE,lge,1103,18646,5.9
cuckoo,20,FEMALE,himart,480,18646,2.6
cuckoo,20,FEMALE,carrier,47,18646,0.3
cuckoo,20,FEMALE,xaomi,36,18646,0.2
cuckoo,20,FEMALE,samsunge,7,18646,0.0
cuckoo,20,FEMALE,cooing,6,18646,0.0
cuckoo,20,FEMALE,haier,3,18646,0.0
cuckoo,20,FEMALE,modevi,2,18646,0.0
cuckoo,20,MALE,lge,1059,17264,6.1
cuckoo,20,MALE,himart,600,17264,3.5
cuckoo,20,MALE,xaomi,123,17264,0.7
cuckoo,20,MALE,carrier,52,17264,0.3
cuckoo,20,MALE,samsunge,7,17264,0.0
cuckoo,20,MALE,haier,6,17264,0.0
cuckoo,20,MALE,modevi,2,17264,0.0
cuckoo,20,MALE,cooing,4,17264,0.0
cuckoo,30,FEMALE,lge,2257,31239,7.2
cuckoo,30,FEMALE,himart,1765,31239,5.6
cuckoo,30,FEMALE,xaomi,212,31239,0.7
cuckoo,30,FEMALE,carrier,122,31239,0.4
cuckoo,30,FEMALE,samsunge,63,31239,0.2
cuckoo,30,FEMALE,haier,17,31239,0.1
cuckoo,30,FEMALE,cooing,10,31239,0.0
cuckoo,30,FEMALE,modevi,4,31239,0.0
cuckoo,30,MALE,himart,2509,30465,8.2
cuckoo,30,MALE,lge,2114,30465,6.9
cuckoo,30,MALE,xaomi,652,30465,2.1
cuckoo,30,MALE,carrier,183,30465,0.6
cuckoo,30,MALE,samsunge,84,30465,0.3
cuckoo,30,MALE,modevi,4,30465,0.0
cuckoo,30,MALE,haier,13,30465,0.0
cuckoo,30,MALE,cooing,11,30465,0.0
cuckoo,40,FEMALE,lge,2911,36788,7.9
cuckoo,40,FEMALE,himart,2152,36788,5.8
cuckoo,40,FEMALE,xaomi,291,36788,0.8
cuckoo,40,FEMALE,carrier,99,36788,0.3
cuckoo,40,FEMALE,samsunge,33,36788,0.1
cuckoo,40,FEMALE,haier,10,36788,0.0
cuckoo,40,FEMALE,cooing,10,36788,0.0
cuckoo,40,MALE,himart,4055,38891,10.4
cuckoo,40,MALE,lge,3528,38891,9.1
cuckoo,40,MALE,xaomi,1075,38891,2.8
cuckoo,40,MALE,carrier,171,38891,0.4
cuckoo,40,MALE,samsunge,78,38891,0.2
cuckoo,40,MALE,haier,22,38891,0.1
cuckoo,40,MALE,cooing,17,38891,0.0
cuckoo,40,MALE,modevi,4,38891,0.0
cuckoo,50,FEMALE,lge,5336,41987,12.7
cuckoo,50,FEMALE,himart,1894,41987,4.5
cuckoo,50,FEMALE,xaomi,149,41987,0.4
cuckoo,50,FEMALE,carrier,81,41987,0.2
cuckoo,50,FEMALE,samsunge,19,41987,0.0
cuckoo,50,FEMALE,haier,5,41987,0.0
cuckoo,50,FEMALE,cooing,10,41987,0.0
cuckoo,50,MALE,lge,4856,39323,12.3
cuckoo,50,MALE,himart,2984,39323,7.6
cuckoo,50,MALE,xaomi,603,39323,1.5
cuckoo,50,MALE,carrier,127,39323,0.3
cuckoo,50,MALE,samsunge,27,39323,0.1
cuckoo,50,MALE,modevi,1,39323,0.0
cuckoo,50,MALE,cooing,15,39323,0.0
cuckoo,50,MALE,haier,13,39323,0.0
cuckoo,60,FEMALE,lge,4712,34776,13.5
cuckoo,60,FEMALE,himart,979,34776,2.8
cuckoo,60,FEMALE,xaomi,90,34776,0.3
cuckoo,60,FEMALE,carrier,43,34776,0.1
cuckoo,60,FEMALE,samsunge,8,34776,0.0
cuckoo,60,FEMALE,cooing,4,34776,0.0
cuckoo,60,FEMALE,haier,3,34776,0.0
cuckoo,60,FEMALE,modevi,2,34776,0.0
cuckoo,60,MALE,lge,2425,24983,9.7
cuckoo,60,MALE,himart,942,24983,3.8
cuckoo,60,MALE,xaomi,168,24983,0.7
cuckoo,60,MALE,carrier,32,24983,0.1
cuckoo,60,MALE,samsunge,9,24983,0.0
cuckoo,60,MALE,cooing,1,24983,0.0
cuckoo,70,FEMALE,lge,1904,16335,11.7
cuckoo,70,FEMALE,himart,294,16335,1.8
cuckoo,70,FEMALE,xaomi,41,16335,0.3
cuckoo,70,FEMALE,carrier,17,16335,0.1
cuckoo,70,FEMALE,samsunge,1,16335,0.0
cuckoo,70,FEMALE,cooing,2,16335,0.0
cuckoo,70,MALE,lge,862,10608,8.1
cuckoo,70,MALE,himart,218,10608,2.1
cuckoo,70,MALE,xaomi,68,10608,0.6
cuckoo,70,MALE,cooing,1,10608,0.0
cuckoo,70,MALE,haier,2,10608,0.0
cuckoo,70,MALE,carrier,5,10608,0.0
cuckoo,70,MALE,samsunge,1,10608,0.0
haier,20,FEMALE,himart,4,56,7.1
haier,20,FEMALE,carrier,3,56,5.4
haier,20,FEMALE,cuckoo,3,56,5.4
haier,20,FEMALE,lge,1,56,1.8
haier,20,MALE,himart,6,79,7.6
haier,20,MALE,cuckoo,6,79,7.6
haier,20,MALE,lge,5,79,6.3
haier,20,MALE,xaomi,2,79,2.5
haier,20,MALE,carrier,1,79,1.3
haier,30,FEMALE,cuckoo,17,100,17.0
haier,30,FEMALE,himart,16,100,16.0
haier,30,FEMALE,lge,7,100,7.0
haier,30,FEMALE,carrier,5,100,5.0
haier,30,FEMALE,xaomi,1,100,1.0
haier,30,MALE,himart,27,187,14.4
haier,30,MALE,lge,13,187,7.0
haier,30,MALE,cuckoo,13,187,7.0
haier,30,MALE,carrier,7,187,3.7
haier,30,MALE,cooing,5,187,2.7
haier,30,MALE,xaomi,4,187,2.1
haier,30,MALE,samsunge,1,187,0.5
haier,40,FEMALE,cuckoo,10,59,16.9
haier,40,FEMALE,himart,6,59,10.2
haier,40,FEMALE,lge,3,59,5.1
haier,40,FEMALE,cooing,1,59,1.7
haier,40,FEMALE,carrier,1,59,1.7
haier,40,MALE,himart,28,172,16.3
haier,40,MALE,cuckoo,22,172,12.8
haier,40,MALE,xaomi,9,172,5.2
haier,40,MALE,carrier,7,172,4.1
haier,40,MALE,lge,6,172,3.5
haier,40,MALE,cooing,2,172,1.2
haier,40,MALE,samsunge,1,172,0.6
haier,50,FEMALE,cuckoo,5,50,10.0
haier,50,FEMALE,himart,5,50,10.0
haier,50,FEMALE,samsunge,2,50,4.0
haier,50,FEMALE,lge,1,50,2.0
haier,50,MALE,himart,17,107,15.9
haier,50,MALE,cuckoo,13,107,12.1
haier,50,MALE,lge,7,107,6.5
haier,50,MALE,xaomi,2,107,1.9
haier,50,MALE,carrier,2,107,1.9
haier,60,FEMALE,lge,4,27,14.8
haier,60,FEMALE,cuckoo,3,27,11.1
haier,60,FEMALE,himart,3,27,11.1
haier,60,MALE,himart,2,43,4.7
haier,60,MALE,xaomi,1,43,2.3
haier,60,MALE,lge,1,43,2.3
haier,70,FEMALE,himart,1,8,12.5
haier,70,MALE,cuckoo,2,8,25.0
himart,20,FEMALE,cuckoo,480,5863,8.2
himart,20,FEMALE,lge,342,5863,5.8
himart,20,FEMALE,carrier,25,5863,0.4
himart,20,FEMALE,xaomi,16,5863,0.3
himart,20,FEMALE,samsunge,9,5863,0.2
himart,20,FEMALE,cooing,3,5863,0.1
himart,20,FEMALE,haier,4,5863,0.1
himart,20,MALE,cuckoo,600,10479,5.7
himart,20,MALE,lge,435,10479,4.2
himart,20,MALE,xaomi,245,10479,2.3
himart,20,MALE,carrier,77,10479,0.7
himart,20,MALE,samsunge,17,10479,0.2
himart,20,MALE,haier,6,10479,0.1
himart,20,MALE,cooing,7,10479,0.1
himart,20,MALE,modevi,5,10479,0.0
himart,30,FEMALE,cuckoo,1765,12775,13.8
himart,30,FEMALE,lge,986,12775,7.7
himart,30,FEMALE,xaomi,214,12775,1.7
himart,30,FEMALE,carrier,83,12775,0.6
himart,30,FEMALE,samsunge,42,12775,0.3
himart,30,FEMALE,haier,16,12775,0.1
himart,30,FEMALE,cooing,4,12775,0.0
himart,30,FEMALE,modevi,2,12775,0.0
himart,30,MALE,cuckoo,2509,24817,10.1
himart,30,MALE,lge,1549,24817,6.2
himart,30,MALE,xaomi,1317,24817,5.3
himart,30,MALE,carrier,188,24817,0.8
himart,30,MALE,samsunge,115,24817,0.5
himart,30,MALE,haier,27,24817,0.1
himart,30,MALE,modevi,11,24817,0.0
himart,30,MALE,cooing,10,24817,0.0
himart,40,FEMALE,cuckoo,2154,14377,15.0
himart,40,FEMALE,lge,1544,14377,10.7
himart,40,FEMALE,xaomi,328,14377,2.3
himart,40,FEMALE,carrier,55,14377,0.4
himart,40,FEMALE,samsunge,23,14377,0.2
himart,40,FEMALE,haier,6,14377,0.0
himart,40,FEMALE,cooing,5,14377,0.0
himart,40,FEMALE,modevi,1,14377,0.0
himart,40,MALE,cuckoo,4054,32971,12.3
himart,40,MALE,lge,2668,32971,8.1
himart,40,MALE,xaomi,2356,32971,7.1
himart,40,MALE,carrier,208,32971,0.6
himart,40,MALE,samsunge,109,32971,0.3
himart,40,MALE,haier,28,32971,0.1
himart,40,MALE,cooing,19,32971,0.1
himart,40,MALE,modevi,2,32971,0.0
himart,50,FEMALE,lge,2017,12548,16.1
himart,50,FEMALE,cuckoo,1894,12548,15.1
himart,50,FEMALE,xaomi,118,12548,0.9
himart,50,FEMALE,carrier,61,12548,0.5
himart,50,FEMALE,samsunge,19,12548,0.2
himart,50,FEMALE,cooing,7,12548,0.1
himart,50,FEMALE,haier,5,12548,0.0
himart,50,FEMALE,modevi,1,12548,0.0
himart,50,MALE,cuckoo,2985,21198,14.1
himart,50,MALE,lge,2842,21198,13.4
himart,50,MALE,xaomi,866,21198,4.1
himart,50,MALE,carrier,135,21198,0.6
himart,50,MALE,samsunge,32,21198,0.2
himart,50,MALE,haier,17,21198,0.1
himart,50,MALE,cooing,10,21198,0.0
himart,50,MALE,modevi,1,21198,0.0
himart,60,FEMALE,lge,1065,6423,16.6
himart,60,FEMALE,cuckoo,978,6423,15.2
himart,60,FEMALE,xaomi,45,6423,0.7
himart,60,FEMALE,carrier,13,6423,0.2
himart,60,FEMALE,samsunge,6,6423,0.1
himart,60,FEMALE,haier,3,6423,0.0
himart,60,FEMALE,cooing,1,6423,0.0
himart,60,MALE,cuckoo,942,7508,12.5
himart,60,MALE,lge,922,7508,12.3
himart,60,MALE,xaomi,95,7508,1.3
himart,60,MALE,carrier,38,7508,0.5
himart,60,MALE,samsunge,3,7508,0.0
himart,60,MALE,modevi,1,7508,0.0
himart,60,MALE,haier,2,7508,0.0
himart,70,FEMALE,cuckoo,293,1960,14.9
himart,70,FEMALE,lge,262,1960,13.4
himart,70,FEMALE,xaomi,18,1960,0.9
himart,70,FEMALE,carrier,10,1960,0.5
himart,70,FEMALE,cooing,1,1960,0.1
himart,70,FEMALE,haier,1,1960,0.1
himart,70,MALE,cuckoo,218,1868,11.7
himart,70,MALE,lge,188,1868,10.1
himart,70,MALE,xaomi,16,1868,0.9
himart,70,MALE,carrier,8,1868,0.4
himart,70,MALE,samsunge,1,1868,0.1
lge,20,FEMALE,cuckoo,1103,17916,6.2
lge,20,FEMALE,himart,342,17916,1.9
lge,20,FEMALE,xaomi,42,17916,0.2
lge,20,FEMALE,carrier,22,17916,0.1
lge,20,FEMALE,haier,1,17916,0.0
lge,20,FEMALE,samsunge,5,17916,0.0
lge,20,FEMALE,modevi,1,17916,0.0
lge,20,MALE,cuckoo,1059,20820,5.1
lge,20,MALE,himart,435,20820,2.1
lge,20,MALE,xaomi,117,20820,0.6
lge,20,MALE,carrier,34,20820,0.2
lge,20,MALE,samsunge,11,20820,0.1
lge,20,MALE,haier,5,20820,0.0
lge,20,MALE,cooing,6,20820,0.0
lge,20,MALE,modevi,1,20820,0.0
lge,30,FEMALE,cuckoo,2257,19905,11.3
lge,30,FEMALE,himart,985,19905,4.9
lge,30,FEMALE,xaomi,100,19905,0.5
lge,30,FEMALE,carrier,53,19905,0.3
lge,30,FEMALE,samsunge,25,19905,0.1
lge,30,FEMALE,cooing,4,19905,0.0
lge,30,FEMALE,modevi,2,19905,0.0
lge,30,FEMALE,haier,7,19905,0.0
lge,30,MALE,cuckoo,2114,23780,8.9
lge,30,MALE,himart,1550,23780,6.5
lge,30,MALE,xaomi,386,23780,1.6
lge,30,MALE,carrier,87,23780,0.4
lge,30,MALE,samsunge,46,23780,0.2
lge,30,MALE,haier,13,23780,0.1
lge,30,MALE,cooing,9,23780,0.0
lge,40,FEMALE,cuckoo,2911,22024,13.2
lge,40,FEMALE,himart,1543,22024,7.0
lge,40,FEMALE,xaomi,137,22024,0.6
lge,40,FEMALE,carrier,58,22024,0.3
lge,40,FEMALE,samsunge,19,22024,0.1
lge,40,FEMALE,cooing,3,22024,0.0
lge,40,FEMALE,haier,3,22024,0.0
lge,40,MALE,cuckoo,3528,25814,13.7
lge,40,MALE,himart,2670,25814,10.3
lge,40,MALE,xaomi,530,25814,2.1
lge,40,MALE,carrier,107,25814,0.4
lge,40,MALE,samsunge,37,25814,0.1
lge,40,MALE,haier,6,25814,0.0
lge,40,MALE,modevi,3,25814,0.0
lge,40,MALE,cooing,2,25814,0.0
lge,50,FEMALE,cuckoo,5337,38029,14.0
lge,50,FEMALE,himart,2017,38029,5.3
lge,50,FEMALE,xaomi,121,38029,0.3
lge,50,FEMALE,carrier,59,38029,0.2
lge,50,FEMALE,samsunge,20,38029,0.1
lge,50,FEMALE,modevi,2,38029,0.0
lge,50,FEMALE,cooing,2,38029,0.0
lge,50,FEMALE,haier,1,38029,0.0
lge,50,MALE,cuckoo,4856,31090,15.6
lge,50,MALE,himart,2842,31090,9.1
lge,50,MALE,xaomi,371,31090,1.2
lge,50,MALE,carrier,109,31090,0.4
lge,50,MALE,cooing,7,31090,0.0
lge,50,MALE,haier,7,31090,0.0
lge,50,MALE,samsunge,13,31090,0.0
lge,60,FEMALE,cuckoo,4712,31357,15.0
lge,60,FEMALE,himart,1065,31357,3.4
lge,60,FEMALE,xaomi,85,31357,0.3
lge,60,FEMALE,carrier,32,31357,0.1
lge,60,FEMALE,samsunge,8,31357,0.0
lge,60,FEMALE,haier,4,31357,0.0
lge,60,FEMALE,modevi,1,31357,0.0
lge,60,MALE,cuckoo,2425,19615,12.4
lge,60,MALE,himart,922,19615,4.7
lge,60,MALE,xaomi,100,19615,0.5
lge,60,MALE,carrier,28,19615,0.1
lge,60,MALE,samsunge,5,19615,0.0
lge,60,MALE,haier,1,19615,0.0
lge,60,MALE,cooing,1,19615,0.0
lge,70,FEMALE,cuckoo,1904,12116,15.7
lge,70,FEMALE,himart,262,12116,2.2
lge,70,FEMALE,xaomi,29,12116,0.2
lge,70,FEMALE,carrier,11,12116,0.1
lge,70,FEMALE,cooing,2,12116,0.0
lge,70,MALE,cuckoo,862,8293,10.4
lge,70,MALE,himart,188,8293,2.3
lge,70,MALE,xaomi,27,8293,0.3
lge,70,MALE,carrier,8,8293,0.1
modevi,20,FEMALE,cuckoo,2,7,28.6
modevi,20,FEMALE,carrier,1,7,14.3
modevi,20,FEMALE,lge,1,7,14.3
modevi,20,MALE,carrier,6,17,35.3
modevi,20,MALE,himart,5,17,29.4
modevi,20,MALE,cuckoo,2,17,11.8
modevi,20,MALE,cooing,1,17,5.9
modevi,20,MALE,lge,1,17,5.9
modevi,30,FEMALE,cuckoo,4,20,20.0
modevi,30,FEMALE,himart,2,20,10.0
modevi,30,FEMALE,lge,2,20,10.0
modevi,30,FEMALE,carrier,1,20,5.0
modevi,30,MALE,himart,11,34,32.4
modevi,30,MALE,carrier,7,34,20.6
modevi,30,MALE,cuckoo,4,34,11.8
modevi,40,FEMALE,carrier,1,6,16.7
modevi,40,FEMALE,himart,1,6,16.7
modevi,40,MALE,cuckoo,4,16,25.0
modevi,40,MALE,carrier,4,16,25.0
modevi,40,MALE,lge,3,16,18.8
modevi,40,MALE,himart,2,16,12.5
modevi,40,MALE,xaomi,1,16,6.3
modevi,50,FEMALE,lge,2,4,50.0
modevi,50,FEMALE,himart,1,4,25.0
modevi,50,MALE,himart,1,9,11.1
modevi,50,MALE,carrier,1,9,11.1
modevi,50,MALE,cuckoo,1,9,11.1
modevi,60,FEMALE,cuckoo,2,3,66.7
modevi,60,FEMALE,lge,1,3,33.3
modevi,60,MALE,himart,1,5,20.0
modevi,70,FEMALE,carrier,1,1,100.0
samsunge,20,FEMALE,himart,9,77,11.7
samsunge,20,FEMALE,cuckoo,7,77,9.1
samsunge,20,FEMALE,lge,5,77,6.5
samsunge,20,MALE,himart,17,86,19.8
samsunge,20,MALE,lge,11,86,12.8
samsunge,20,MALE,cuckoo,7,86,8.1
samsunge,20,MALE,xaomi,3,86,3.5
samsunge,30,FEMALE,cuckoo,63,313,20.1
samsunge,30,FEMALE,himart,42,313,13.4
samsunge,30,FEMALE,lge,25,313,8.0
samsunge,30,FEMALE,xaomi,5,313,1.6
samsunge,30,FEMALE,carrier,2,313,0.6
samsunge,30,MALE,himart,115,518,22.2
samsunge,30,MALE,cuckoo,84,518,16.2
samsunge,30,MALE,lge,46,518,8.9
samsunge,30,MALE,xaomi,14,518,2.7
samsunge,30,MALE,carrier,5,518,1.0
samsunge,30,MALE,haier,1,518,0.2
samsunge,40,FEMALE,cuckoo,33,279,11.8
samsunge,40,FEMALE,himart,23,279,8.2
samsunge,40,FEMALE,lge,19,279,6.8
samsunge,40,FEMALE,xaomi,1,279,0.4
samsunge,40,MALE,himart,109,499,21.8
samsunge,40,MALE,cuckoo,78,499,15.6
samsunge,40,MALE,lge,37,499,7.4
samsunge,40,MALE,xaomi,24,499,4.8
samsunge,40,MALE,carrier,2,499,0.4
samsunge,40,MALE,haier,1,499,0.2
samsunge,50,FEMALE,lge,20,154,13.0
samsunge,50,FEMALE,cuckoo,19,154,12.3
samsunge,50,FEMALE,himart,19,154,12.3
samsunge,50,FEMALE,haier,2,154,1.3
samsunge,50,MALE,himart,32,187,17.1
samsunge,50,MALE,cuckoo,27,187,14.4
samsunge,50,MALE,lge,13,187,7.0
samsunge,50,MALE,xaomi,1,187,0.5
samsunge,60,FEMALE,lge,8,43,18.6
samsunge,60,FEMALE,cuckoo,8,43,18.6
samsunge,60,FEMALE,himart,6,43,14.0
samsunge,60,MALE,cuckoo,9,41,22.0
samsunge,60,MALE,lge,5,41,12.2
samsunge,60,MALE,himart,3,41,7.3
samsunge,70,FEMALE,cuckoo,1,5,20.0
samsunge,70,MALE,himart,1,7,14.3
samsunge,70,MALE,cuckoo,1,7,14.3
xaomi,20,FEMALE,lge,42,692,6.1
xaomi,20,FEMALE,cuckoo,36,692,5.2
xaomi,20,FEMALE,himart,16,692,2.3
xaomi,20,MALE,himart,245,2456,10.0
xaomi,20,MALE,cuckoo,123,2456,5.0
xaomi,20,MALE,lge,117,2456,4.8
xaomi,20,MALE,carrier,10,2456,0.4
xaomi,20,MALE,haier,2,2456,0.1
xaomi,20,MALE,samsunge,3,2456,0.1
xaomi,30,FEMALE,himart,214,2532,8.5
xaomi,30,FEMALE,cuckoo,212,2532,8.4
xaomi,30,FEMALE,lge,100,2532,3.9
xaomi,30,FEMALE,carrier,10,2532,0.4
xaomi,30,FEMALE,samsunge,5,2532,0.2
xaomi,30,FEMALE,haier,1,2532,0.0
xaomi,30,MALE,himart,1317,8263,15.9
xaomi,30,MALE,cuckoo,652,8263,7.9
xaomi,30,MALE,lge,386,8263,4.7
xaomi,30,MALE,carrier,37,8263,0.4
xaomi,30,MALE,samsunge,14,8263,0.2
xaomi,30,MALE,cooing,2,8263,0.0
xaomi,30,MALE,haier,4,8263,0.0
xaomi,40,FEMALE,himart,328,3529,9.3
xaomi,40,FEMALE,cuckoo,291,3529,8.2
xaomi,40,FEMALE,lge,137,3529,3.9
xaomi,40,FEMALE,carrier,4,3529,0.1
xaomi,40,FEMALE,samsunge,1,3529,0.0
xaomi,40,MALE,himart,2356,12338,19.1
xaomi,40,MALE,cuckoo,1075,12338,8.7
xaomi,40,MALE,lge,530,12338,4.3
xaomi,40,MALE,carrier,55,12338,0.4
xaomi,40,MALE,samsunge,24,12338,0.2
xaomi,40,MALE,haier,9,12338,0.1
xaomi,40,MALE,modevi,1,12338,0.0
xaomi,40,MALE,cooing,2,12338,0.0
xaomi,50,FEMALE,cuckoo,149,1755,8.5
xaomi,50,FEMALE,lge,121,1755,6.9
xaomi,50,FEMALE,himart,118,1755,6.7
xaomi,50,FEMALE,carrier,2,1755,0.1
xaomi,50,MALE,himart,866,6475,13.4
xaomi,50,MALE,cuckoo,603,6475,9.3
xaomi,50,MALE,lge,371,6475,5.7
xaomi,50,MALE,carrier,19,6475,0.3
xaomi,50,MALE,cooing,1,6475,0.0
xaomi,50,MALE,haier,2,6475,0.0
xaomi,50,MALE,samsunge,1,6475,0.0
xaomi,60,FEMALE,cuckoo,90,782,11.5
xaomi,60,FEMALE,lge,85,782,10.9
xaomi,60,FEMALE,himart,45,782,5.8
xaomi,60,FEMALE,carrier,3,782,0.4
xaomi,60,MALE,cuckoo,168,1945,8.6
xaomi,60,MALE,lge,100,1945,5.1
xaomi,60,MALE,himart,95,1945,4.9
xaomi,60,MALE,carrier,4,1945,0.2
xaomi,60,MALE,haier,1,1945,0.1
xaomi,70,FEMALE,cuckoo,41,310,13.2
xaomi,70,FEMALE,lge,29,310,9.4
xaomi,70,FEMALE,himart,18,310,5.8
xaomi,70,FEMALE,carrier,1,310,0.3
xaomi,70,MALE,cuckoo,68,616,11.0
xaomi,70,MALE,lge,27,616,4.4
xaomi,70,MALE,himart,16,616,2.6